db,policy_set,baseline,query_id,status,cold_ms,hot_ms,hot_peak_rss_kb,count,count_err,error_type,error_msg,policy_profile_lines,policy_ms,executor_ms,scan_mode,setup_ms,pre_run_memory_building_ms,disk_bytes
tpch0_1,S_A,rls_index,1,1,121.5462489053607,121.11541675403714,131296,2,,,,0,,,,4342.556849122047,4300.093621015549,75563008
tpch0_1,S_A,rls_index,3,1,90.87861329317093,60.63675507903099,144480,311,,,,0,,,,4342.556849122047,4300.093621015549,75563008
tpch0_1,S_A,rls_index,6,1,60.835654847323895,60.55202009156346,128556,1,,,,0,,,,4342.556849122047,4300.093621015549,75563008
tpch0_1,S_A,rls_index,10,1,90.85480822250247,60.88919984176755,146992,1307,,,,0,,,,4342.556849122047,4300.093621015549,75563008
tpch0_1,S_A,rls_index,11,1,60.811580158770084,30.804290901869535,39560,2753,,,,0,,,,4342.556849122047,4300.093621015549,75563008
tpch0_1,S_A,ours,1,0,31.188291031867266,0.0,0,4,,db_error,ERROR:  policy: column not found in artifacts: lineitem.l_shipdate,0,,,,3111.3681169226766,3048.102512024343,29131488
tpch0_1,S_A,ours,3,0,31.066049821674824,0.0,0,1153,,db_error,ERROR:  policy: column not found in artifacts: lineitem.l_shipdate,0,,,,3111.3681169226766,3048.102512024343,29131488
tpch0_1,S_A,ours,6,0,31.144408974796534,0.0,0,1,,db_error,ERROR:  policy: column not found in artifacts: lineitem.l_shipdate,0,,,,3111.3681169226766,3048.102512024343,29131488
tpch0_1,S_A,ours,10,1,301.907473243773,272.211279720068,202496,1307,,,,1,,,,3111.3681169226766,3048.102512024343,29131488
tpch0_1,S_A,ours,11,1,61.20625231415033,30.716746114194393,51708,2753,,,,0,,,,3111.3681169226766,3048.102512024343,29131488
tpch0_1,S_B,rls_index,1,1,121.05423305183649,120.97960105165839,131268,2,,,,0,,,,4490.1499496772885,4417.959460988641,77275136
tpch0_1,S_B,rls_index,3,1,30.657016206532717,30.452586244791746,29668,0,,,,0,,,,4490.1499496772885,4417.959460988641,77275136
tpch0_1,S_B,rls_index,6,1,60.72687590494752,60.68521598353982,128564,1,,,,0,,,,4490.1499496772885,4417.959460988641,77275136
tpch0_1,S_B,rls_index,10,1,90.84137389436364,60.52314629778266,149740,0,,,,0,,,,4490.1499496772885,4417.959460988641,77275136
tpch0_1,S_B,rls_index,11,1,60.708846896886826,30.54103907197714,37940,2753,,,,0,,,,4490.1499496772885,4417.959460988641,77275136
tpch0_1,S_B,ours,1,0,31.308313831686974,0.0,0,4,,db_error,ERROR:  policy: column not found in artifacts: lineitem.l_shipdate,0,,,,3178.344768937677,3115.479378029704,30601996
tpch0_1,S_B,ours,3,0,121.49542942643166,0.0,0,1153,,db_error,ERROR:  policy: column not found in artifacts: lineitem.l_shipdate,0,,,,3178.344768937677,3115.479378029704,30601996
tpch0_1,S_B,ours,6,0,31.18082694709301,0.0,0,1,,db_error,ERROR:  policy: column not found in artifacts: lineitem.l_shipdate,0,,,,3178.344768937677,3115.479378029704,30601996
tpch0_1,S_B,ours,10,1,302.1113481372595,271.7563039623201,101716,0,,,,1,,,,3178.344768937677,3115.479378029704,30601996
tpch0_1,S_B,ours,11,1,61.30691198632121,31.068770214915276,42832,2753,,,,0,,,,3178.344768937677,3115.479378029704,30601996
tpch0_1,S_C,rls_index,1,1,1416.204181034118,1356.0985629446805,148792,4,,,,0,,,,1988.000581972301,1916.946197859943,28426240
tpch0_1,S_C,rls_index,3,1,151.23483119532466,150.92537086457014,106312,39,,,,0,,,,1988.000581972301,1916.946197859943,28426240
tpch0_1,S_C,rls_index,6,1,693.25250107795,662.9733559675515,149184,1,,,,0,,,,1988.000581972301,1916.946197859943,28426240
tpch0_1,S_C,rls_index,10,1,361.9388258084655,331.63084415718913,123444,461,,,,0,,,,1988.000581972301,1916.946197859943,28426240
tpch0_1,S_C,rls_index,11,1,60.79075392335653,30.56669794023037,37476,2753,,,,0,,,,1988.000581972301,1916.946197859943,28426240
tpch0_1,S_C,ours,1,0,31.256205402314663,0.0,0,4,,db_error,ERROR:  policy: column not found in artifacts: lineitem.l_shipdate,0,,,,1895.2425559982657,1832.7134000137448,24229450
tpch0_1,S_C,ours,3,0,31.27159597352147,0.0,0,1153,,db_error,ERROR:  policy: column not found in artifacts: orders.o_orderdate,0,,,,1895.2425559982657,1832.7134000137448,24229450
tpch0_1,S_C,ours,6,0,31.16215579211712,0.0,0,1,,db_error,ERROR:  policy: column not found in artifacts: lineitem.l_shipdate,0,,,,1895.2425559982657,1832.7134000137448,24229450
tpch0_1,S_C,ours,10,0,31.123113818466663,0.0,0,3845,,db_error,ERROR:  policy: column not found in artifacts: orders.o_orderdate,0,,,,1895.2425559982657,1832.7134000137448,24229450
tpch0_1,S_C,ours,11,1,31.110906042158604,30.81771405413747,65968,2753,,,,0,,,,1895.2425559982657,1832.7134000137448,24229450
tpch0_1,S_D,rls_index,1,1,3163.2235273718834,3102.8950260952115,150024,4,,,,0,,,,4086.2479978241026,4008.0560189671814,73252864
tpch0_1,S_D,rls_index,3,1,151.1522838845849,150.9764981456101,108664,0,,,,0,,,,4086.2479978241026,4008.0560189671814,73252864
tpch0_1,S_D,rls_index,6,1,1807.4882691726089,1777.3430491797626,153440,1,,,,0,,,,4086.2479978241026,4008.0560189671814,73252864
tpch0_1,S_D,rls_index,10,1,392.01117027550936,361.7146881297231,122136,49,,,,0,,,,4086.2479978241026,4008.0560189671814,73252864
tpch0_1,S_D,rls_index,11,1,30.684854835271835,30.548438895493746,22128,0,,,,0,,,,4086.2479978241026,4008.0560189671814,73252864
tpch0_1,S_D,ours,1,0,61.76669197157025,0.0,0,4,,db_error,ERROR:  policy: column not found in artifacts: lineitem.l_shipdate,0,,,,3896.8120021745563,3834.2446833848953,43554897
tpch0_1,S_D,ours,3,0,61.504364013671875,0.0,0,1153,,db_error,ERROR:  policy: column not found in artifacts: orders.o_orderdate,0,,,,3896.8120021745563,3834.2446833848953,43554897
tpch0_1,S_D,ours,6,0,61.497116927057505,0.0,0,1,,db_error,ERROR:  policy: column not found in artifacts: lineitem.l_shipdate,0,,,,3896.8120021745563,3834.2446833848953,43554897
tpch0_1,S_D,ours,10,0,61.456115916371346,0.0,0,3845,,db_error,ERROR:  policy: column not found in artifacts: orders.o_orderdate,0,,,,3896.8120021745563,3834.2446833848953,43554897
tpch0_1,S_D,ours,11,1,31.35836496949196,30.94694297760725,29612,0,,,,1,,,,3896.8120021745563,3834.2446833848953,43554897
tpch0_1,S_E,rls_index,1,1,482.44379507377744,482.0854151621461,108996,4,,,,0,,,,3446.7896269634366,3379.7085019759834,60514304
tpch0_1,S_E,rls_index,3,1,181.16811802610755,181.01487029343843,149232,1061,,,,0,,,,3446.7896269634366,3379.7085019759834,60514304
tpch0_1,S_E,rls_index,6,1,151.07938600704074,150.82731703296304,135676,1,,,,0,,,,3446.7896269634366,3379.7085019759834,60514304
tpch0_1,S_E,rls_index,10,1,120.88617263361812,93.82584830746055,150672,2874,,,,0,,,,3446.7896269634366,3379.7085019759834,60514304
tpch0_1,S_E,rls_index,11,1,30.597299803048372,30.597792007029057,22736,0,,,,0,,,,3446.7896269634366,3379.7085019759834,60514304
tpch0_1,S_E,ours,1,1,693.5329739935696,663.059065118432,164544,4,,,,1,,,,1761.4024761132896,1699.0468339063227,20817794
tpch0_1,S_E,ours,3,1,271.82090980932117,241.41481705009937,184552,1061,,,,1,,,,1761.4024761132896,1699.0468339063227,20817794
tpch0_1,S_E,ours,6,1,121.25404877588153,90.79626901075244,155412,1,,,,1,,,,1761.4024761132896,1699.0468339063227,20817794
tpch0_1,S_E,ours,10,1,181.39686901122332,151.23997116461396,187696,2874,,,,1,,,,1761.4024761132896,1699.0468339063227,20817794
tpch0_1,S_E,ours,11,1,30.93621041625738,30.711278785020113,27540,0,,,,1,,,,1761.4024761132896,1699.0468339063227,20817794
tpch0_1,S_F,rls_index,1,1,1777.9761468991637,1717.224257066846,156188,4,,,,0,,,,4979.202982969582,4908.078879117966,108052480
tpch0_1,S_F,rls_index,3,1,30.810970813035965,30.650302302092314,65276,0,,,,0,,,,4979.202982969582,4908.078879117966,108052480
tpch0_1,S_F,rls_index,6,1,1205.3035609424114,1205.218382179737,150016,1,,,,0,,,,4979.202982969582,4908.078879117966,108052480
tpch0_1,S_F,rls_index,10,1,30.86431697010994,30.574903823435307,64304,0,,,,0,,,,4979.202982969582,4908.078879117966,108052480
tpch0_1,S_F,rls_index,11,1,30.629977118223906,30.517482198774815,24728,0,,,,0,,,,4979.202982969582,4908.078879117966,108052480
tpch0_1,S_F,ours,1,1,1356.5287319943309,1265.7703971490264,282312,4,,,,1,,,,5040.973838884383,4977.941346820444,55108374
tpch0_1,S_F,ours,3,0,151.59200504422188,0.0,0,1153,,db_error,ERROR:  policy: column not found in artifacts: orders.o_orderdate,0,,,,5040.973838884383,4977.941346820444,55108374
tpch0_1,S_F,ours,6,1,513.0979930981994,422.34531976282597,283076,1,,,,1,,,,5040.973838884383,4977.941346820444,55108374
tpch0_1,S_F,ours,10,0,151.64015721529722,0.0,0,3845,,db_error,ERROR:  policy: column not found in artifacts: orders.o_orderdate,0,,,,5040.973838884383,4977.941346820444,55108374
tpch0_1,S_F,ours,11,1,241.898603271693,211.4948402158916,114780,0,,,,1,,,,5040.973838884383,4977.941346820444,55108374
tpch0_1,S_G,rls_index,1,1,3223.6062083393335,3192.9906592704356,155236,3,,,,0,,,,5064.677048008889,4983.279879204929,97665024
tpch0_1,S_G,rls_index,3,1,30.888631008565426,30.69383930414915,21500,0,,,,0,,,,5064.677048008889,4983.279879204929,97665024
tpch0_1,S_G,rls_index,6,1,2199.1138039156795,2168.879597913474,151984,1,,,,0,,,,5064.677048008889,4983.279879204929,97665024
tpch0_1,S_G,rls_index,10,1,30.702617950737476,30.36729898303747,28340,0,,,,0,,,,5064.677048008889,4983.279879204929,97665024
tpch0_1,S_G,rls_index,11,1,30.55573021993041,30.605453997850418,22696,0,,,,0,,,,5064.677048008889,4983.279879204929,97665024
tpch0_1,S_G,ours,1,0,1236.2916502170265,0.0,0,4,,db_error,ERROR:  policy: column not found in artifacts: lineitem.l_shipdate,0,,,,5639.601095113903,5576.66838215664,61047020
tpch0_1,S_G,ours,3,0,1236.2787849269807,0.0,0,1153,,db_error,ERROR:  policy: column not found in artifacts: lineitem.l_shipdate,0,,,,5639.601095113903,5576.66838215664,61047020
tpch0_1,S_G,ours,6,0,1236.1979489214718,0.0,0,1,,db_error,ERROR:  policy: column not found in artifacts: lineitem.l_shipdate,0,,,,5639.601095113903,5576.66838215664,61047020
tpch0_1,S_G,ours,10,0,1416.9923500157893,0.0,0,3845,,db_error,ERROR:  policy: column not found in artifacts: orders.o_orderdate,0,,,,5639.601095113903,5576.66838215664,61047020
tpch0_1,S_G,ours,11,1,1326.5614341944456,1296.086363028735,120304,0,,,,1,,,,5639.601095113903,5576.66838215664,61047020
