run_id,ts,db,K,policy_ids,baseline,query_id,warmup_runs,timed_runs,planning_ms,execution_ms,total_ms,peak_rss_mb,status,error_type,error_msg,result_count,ours_count,rls_count,correctness
dashboard_full_20260214_000516,2026-02-14T00:14:40+05:30,tpch0_1,1,1,ours,1,0,1,0.483,755.318,755.801,57.621,ok,,,3,3,3,1
dashboard_full_20260214_000516,2026-02-14T00:14:40+05:30,tpch0_1,1,1,rls_with_index,1,0,1,0.454,387.395,387.849,25.234,ok,,,3,3,3,1
dashboard_full_20260214_000516,2026-02-14T00:14:40+05:30,tpch0_1,1,1,ours,2,0,1,0.544,525.591,526.135,66.090,ok,,,41,41,41,1
dashboard_full_20260214_000516,2026-02-14T00:14:40+05:30,tpch0_1,1,1,rls_with_index,2,0,1,0.549,464.935,465.484,53.234,ok,,,41,41,41,1
dashboard_full_20260214_000516,2026-02-14T00:14:40+05:30,tpch0_1,1,1,ours,3,0,1,0.246,313.193,313.439,113.133,ok,,,1139,1139,1139,1
dashboard_full_20260214_000516,2026-02-14T00:14:40+05:30,tpch0_1,1,1,rls_with_index,3,0,1,0.220,113.998,114.218,76.734,ok,,,1139,1139,1139,1
dashboard_full_20260214_000516,2026-02-14T00:14:40+05:30,tpch0_1,1,1,ours,4,0,1,0.149,305.826,305.975,118.133,ok,,,0,0,0,1
dashboard_full_20260214_000516,2026-02-14T00:14:40+05:30,tpch0_1,1,1,rls_with_index,4,0,1,0.131,138.154,138.285,81.574,ok,,,0,0,0,1
dashboard_full_20260214_000516,2026-02-14T00:14:40+05:30,tpch0_1,1,1,ours,5,0,1,0.517,459.076,459.593,118.633,ok,,,5,5,5,1
dashboard_full_20260214_000516,2026-02-14T00:14:40+05:30,tpch0_1,1,1,rls_with_index,5,0,1,0.456,135.192,135.648,79.773,ok,,,5,5,5,1
dashboard_full_20260214_000516,2026-02-14T00:14:40+05:30,tpch0_1,1,1,ours,6,0,1,0.106,133.369,133.475,119.133,ok,,,11482,11482,11482,1
dashboard_full_20260214_000516,2026-02-14T00:14:40+05:30,tpch0_1,1,1,rls_with_index,6,0,1,0.059,93.809,93.868,79.773,ok,,,11482,11482,11482,1
dashboard_full_20260214_000516,2026-02-14T00:14:40+05:30,tpch0_1,1,1,ours,7,0,1,0.361,278.093,278.454,120.133,ok,,,2,2,2,1
dashboard_full_20260214_000516,2026-02-14T00:14:40+05:30,tpch0_1,1,1,rls_with_index,7,0,1,0.380,106.576,106.956,80.273,ok,,,2,2,2,1
dashboard_full_20260214_000516,2026-02-14T00:14:40+05:30,tpch0_1,1,1,ours,8,0,1,0.447,462.091,462.538,120.633,ok,,,1,1,1,1
dashboard_full_20260214_000516,2026-02-14T00:14:40+05:30,tpch0_1,1,1,rls_with_index,8,0,1,0.485,130.106,130.591,80.773,ok,,,1,1,1,1
dashboard_full_20260214_000516,2026-02-14T00:14:40+05:30,tpch0_1,1,1,ours,9,0,1,0.509,576.399,576.908,121.133,ok,,,100,100,100,1
dashboard_full_20260214_000516,2026-02-14T00:14:40+05:30,tpch0_1,1,1,rls_with_index,9,0,1,0.506,200.126,200.632,83.773,ok,,,100,100,100,1
dashboard_full_20260214_000516,2026-02-14T00:14:40+05:30,tpch0_1,1,1,ours,10,0,1,0.298,270.315,270.613,121.633,ok,,,3845,3845,3845,1
dashboard_full_20260214_000516,2026-02-14T00:14:40+05:30,tpch0_1,1,1,rls_with_index,10,0,1,0.249,121.346,121.595,149.039,ok,,,3845,3845,3845,1
dashboard_full_20260214_000516,2026-02-14T00:14:40+05:30,tpch0_1,1,1,ours,11,0,1,0.202,76.030,76.232,121.633,ok,,,2753,2753,2753,1
dashboard_full_20260214_000516,2026-02-14T00:14:40+05:30,tpch0_1,1,1,rls_with_index,11,0,1,0.182,27.934,28.116,148.621,ok,,,2753,2753,2753,1
dashboard_full_20260214_000516,2026-02-14T00:14:40+05:30,tpch0_1,1,1,ours,12,0,1,0.152,225.674,225.826,122.133,ok,,,2,2,2,1
dashboard_full_20260214_000516,2026-02-14T00:14:40+05:30,tpch0_1,1,1,rls_with_index,12,0,1,0.131,127.082,127.213,148.621,ok,,,2,2,2,1
dashboard_full_20260214_000516,2026-02-14T00:14:40+05:30,tpch0_1,1,1,ours,13,0,1,0.183,144.547,144.730,122.133,ok,,,37,37,37,1
dashboard_full_20260214_000516,2026-02-14T00:14:40+05:30,tpch0_1,1,1,rls_with_index,13,0,1,0.167,96.216,96.383,148.621,ok,,,37,37,37,1
dashboard_full_20260214_000516,2026-02-14T00:14:40+05:30,tpch0_1,1,1,ours,14,0,1,0.130,135.195,135.325,122.633,ok,,,1,1,1,1
dashboard_full_20260214_000516,2026-02-14T00:14:40+05:30,tpch0_1,1,1,rls_with_index,14,0,1,0.092,84.408,84.500,148.621,ok,,,1,1,1,1
dashboard_full_20260214_000516,2026-02-14T00:14:40+05:30,tpch0_1,1,1,ours,15,0,1,0.161,120.986,121.147,123.133,ok,,,0,0,0,1
dashboard_full_20260214_000516,2026-02-14T00:14:40+05:30,tpch0_1,1,1,rls_with_index,15,0,1,0.139,64.149,64.288,148.621,ok,,,0,0,0,1
dashboard_full_20260214_000516,2026-02-14T00:14:40+05:30,tpch0_1,1,1,ours,16,0,1,0.261,75.276,75.537,123.133,ok,,,2846,2846,2846,1
dashboard_full_20260214_000516,2026-02-14T00:14:40+05:30,tpch0_1,1,1,rls_with_index,16,0,1,0.237,51.281,51.518,148.621,ok,,,2846,2846,2846,1
dashboard_full_20260214_000516,2026-02-14T00:14:40+05:30,tpch0_1,1,1,ours,17,0,1,0.153,10235.763,10235.916,177.980,ok,,,1,1,1,1
dashboard_full_20260214_000516,2026-02-14T00:14:40+05:30,tpch0_1,1,1,rls_with_index,17,0,1,0.128,10131.429,10131.557,219.395,ok,,,1,1,1,1
dashboard_full_20260214_000516,2026-02-14T00:14:40+05:30,tpch0_1,1,1,ours,18,0,1,0.290,487.458,487.748,189.594,ok,,,0,0,0,1
dashboard_full_20260214_000516,2026-02-14T00:14:40+05:30,tpch0_1,1,1,rls_with_index,18,0,1,0.263,234.398,234.661,229.406,ok,,,0,0,0,1
dashboard_full_20260214_000516,2026-02-14T00:14:40+05:30,tpch0_1,1,1,ours,19,0,1,0.256,170.753,171.009,190.113,ok,,,1,1,1,1
dashboard_full_20260214_000516,2026-02-14T00:14:40+05:30,tpch0_1,1,1,rls_with_index,19,0,1,0.230,19043.479,19043.709,223.344,ok,,,1,1,1,1
dashboard_full_20260214_000516,2026-02-14T00:14:40+05:30,tpch0_1,1,1,ours,21,0,1,0.398,193025.582,193025.980,190.648,ok,,,43,43,43,1
dashboard_full_20260214_000516,2026-02-14T00:14:40+05:30,tpch0_1,1,1,rls_with_index,21,0,1,0.449,62356.056,62356.505,223.344,ok,,,43,43,43,1
dashboard_full_20260214_000516,2026-02-14T00:14:40+05:30,tpch0_1,1,1,ours,22,0,1,0.188,77.851,78.039,170.156,ok,,,7,7,7,1
dashboard_full_20260214_000516,2026-02-14T00:14:40+05:30,tpch0_1,1,1,rls_with_index,22,0,1,0.196,36.604,36.800,223.344,ok,,,7,7,7,1
dashboard_full_20260214_000516,2026-02-14T00:20:47+05:30,tpch0_1,5,"1,2,3,4,5",ours,1,0,1,0.684,1088.393,1089.077,147.000,ok,,,2,2,2,1
dashboard_full_20260214_000516,2026-02-14T00:20:47+05:30,tpch0_1,5,"1,2,3,4,5",rls_with_index,1,0,1,0.805,109.332,110.137,94.176,ok,,,2,2,2,1
dashboard_full_20260214_000516,2026-02-14T00:20:47+05:30,tpch0_1,5,"1,2,3,4,5",ours,2,0,1,0.658,529.692,530.350,157.168,ok,,,41,41,41,1
dashboard_full_20260214_000516,2026-02-14T00:20:47+05:30,tpch0_1,5,"1,2,3,4,5",rls_with_index,2,0,1,0.583,475.300,475.883,127.426,ok,,,41,41,41,1
dashboard_full_20260214_000516,2026-02-14T00:20:47+05:30,tpch0_1,5,"1,2,3,4,5",ours,3,0,1,0.458,965.718,966.176,234.668,ok,,,311,311,311,1
dashboard_full_20260214_000516,2026-02-14T00:20:47+05:30,tpch0_1,5,"1,2,3,4,5",rls_with_index,3,0,1,0.324,73.382,73.706,150.523,ok,,,311,311,311,1
dashboard_full_20260214_000516,2026-02-14T00:20:47+05:30,tpch0_1,5,"1,2,3,4,5",ours,4,0,1,0.269,945.243,945.512,258.859,ok,,,0,0,0,1
dashboard_full_20260214_000516,2026-02-14T00:20:47+05:30,tpch0_1,5,"1,2,3,4,5",rls_with_index,4,0,1,0.270,64.089,64.359,151.023,ok,,,0,0,0,1
dashboard_full_20260214_000516,2026-02-14T00:20:47+05:30,tpch0_1,5,"1,2,3,4,5",ours,5,0,1,0.912,1054.386,1055.298,258.832,ok,,,5,5,5,1
dashboard_full_20260214_000516,2026-02-14T00:20:47+05:30,tpch0_1,5,"1,2,3,4,5",rls_with_index,5,0,1,0.569,76.209,76.778,151.023,ok,,,5,5,5,1
dashboard_full_20260214_000516,2026-02-14T00:20:47+05:30,tpch0_1,5,"1,2,3,4,5",ours,6,0,1,0.332,807.231,807.563,259.332,ok,,,1691,1691,1691,1
dashboard_full_20260214_000516,2026-02-14T00:20:47+05:30,tpch0_1,5,"1,2,3,4,5",rls_with_index,6,0,1,0.162,40.241,40.403,151.023,ok,,,1691,1691,1691,1
dashboard_full_20260214_000516,2026-02-14T00:20:47+05:30,tpch0_1,5,"1,2,3,4,5",ours,7,0,1,0.382,947.288,947.670,259.355,ok,,,2,2,2,1
dashboard_full_20260214_000516,2026-02-14T00:20:47+05:30,tpch0_1,5,"1,2,3,4,5",rls_with_index,7,0,1,0.491,57.655,58.146,151.023,ok,,,2,2,2,1
dashboard_full_20260214_000516,2026-02-14T00:20:47+05:30,tpch0_1,5,"1,2,3,4,5",ours,8,0,1,0.493,1065.090,1065.583,259.484,ok,,,0,0,0,1
dashboard_full_20260214_000516,2026-02-14T00:20:47+05:30,tpch0_1,5,"1,2,3,4,5",rls_with_index,8,0,1,0.623,77.982,78.605,151.023,ok,,,0,0,0,1
dashboard_full_20260214_000516,2026-02-14T00:20:47+05:30,tpch0_1,5,"1,2,3,4,5",ours,9,0,1,0.538,522.233,522.771,259.492,ok,,,100,100,100,1
dashboard_full_20260214_000516,2026-02-14T00:20:47+05:30,tpch0_1,5,"1,2,3,4,5",rls_with_index,9,0,1,0.629,336.845,337.474,151.023,ok,,,100,100,100,1
dashboard_full_20260214_000516,2026-02-14T00:20:47+05:30,tpch0_1,5,"1,2,3,4,5",ours,10,0,1,0.562,892.990,893.552,259.492,ok,,,1307,1307,1307,1
dashboard_full_20260214_000516,2026-02-14T00:20:47+05:30,tpch0_1,5,"1,2,3,4,5",rls_with_index,10,0,1,0.386,51.378,51.764,153.023,ok,,,1307,1307,1307,1
dashboard_full_20260214_000516,2026-02-14T00:20:47+05:30,tpch0_1,5,"1,2,3,4,5",ours,11,0,1,0.315,80.138,80.453,186.512,ok,,,2753,2753,2753,1
dashboard_full_20260214_000516,2026-02-14T00:20:47+05:30,tpch0_1,5,"1,2,3,4,5",rls_with_index,11,0,1,0.164,30.474,30.638,151.637,ok,,,2753,2753,2753,1
dashboard_full_20260214_000516,2026-02-14T00:20:47+05:30,tpch0_1,5,"1,2,3,4,5",ours,12,0,1,0.389,901.357,901.746,259.512,ok,,,1,1,1,1
dashboard_full_20260214_000516,2026-02-14T00:20:47+05:30,tpch0_1,5,"1,2,3,4,5",rls_with_index,12,0,1,0.332,38.433,38.765,151.637,ok,,,1,1,1,1
dashboard_full_20260214_000516,2026-02-14T00:20:47+05:30,tpch0_1,5,"1,2,3,4,5",ours,13,0,1,0.218,146.269,146.487,186.527,ok,,,37,37,37,1
dashboard_full_20260214_000516,2026-02-14T00:20:47+05:30,tpch0_1,5,"1,2,3,4,5",rls_with_index,13,0,1,0.194,94.979,95.173,151.637,ok,,,37,37,37,1
dashboard_full_20260214_000516,2026-02-14T00:20:47+05:30,tpch0_1,5,"1,2,3,4,5",ours,14,0,1,0.360,822.060,822.420,259.527,ok,,,1,1,1,1
dashboard_full_20260214_000516,2026-02-14T00:20:47+05:30,tpch0_1,5,"1,2,3,4,5",rls_with_index,14,0,1,0.198,44.104,44.302,152.137,ok,,,1,1,1,1
dashboard_full_20260214_000516,2026-02-14T00:20:47+05:30,tpch0_1,5,"1,2,3,4,5",ours,15,0,1,0.302,809.028,809.330,259.484,ok,,,0,0,0,1
dashboard_full_20260214_000516,2026-02-14T00:20:47+05:30,tpch0_1,5,"1,2,3,4,5",rls_with_index,15,0,1,0.251,27.291,27.542,152.137,ok,,,0,0,0,1
dashboard_full_20260214_000516,2026-02-14T00:20:47+05:30,tpch0_1,5,"1,2,3,4,5",ours,16,0,1,0.400,79.101,79.501,186.484,ok,,,2846,2846,2846,1
dashboard_full_20260214_000516,2026-02-14T00:20:47+05:30,tpch0_1,5,"1,2,3,4,5",rls_with_index,16,0,1,0.223,53.949,54.172,152.137,ok,,,2846,2846,2846,1
dashboard_full_20260214_000516,2026-02-14T00:20:47+05:30,tpch0_1,5,"1,2,3,4,5",ours,17,0,1,0.391,2125.729,2126.120,301.637,ok,,,1,1,1,1
dashboard_full_20260214_000516,2026-02-14T00:20:47+05:30,tpch0_1,5,"1,2,3,4,5",rls_with_index,17,0,1,0.371,1051.450,1051.821,208.516,ok,,,1,1,1,1
dashboard_full_20260214_000516,2026-02-14T00:20:47+05:30,tpch0_1,5,"1,2,3,4,5",ours,18,0,1,0.570,1037.929,1038.499,328.305,ok,,,0,0,0,1
dashboard_full_20260214_000516,2026-02-14T00:20:47+05:30,tpch0_1,5,"1,2,3,4,5",rls_with_index,18,0,1,0.469,98.388,98.857,215.098,ok,,,0,0,0,1
dashboard_full_20260214_000516,2026-02-14T00:20:47+05:30,tpch0_1,5,"1,2,3,4,5",ours,19,0,1,0.508,845.006,845.514,329.039,ok,,,1,1,1,1
dashboard_full_20260214_000516,2026-02-14T00:20:47+05:30,tpch0_1,5,"1,2,3,4,5",rls_with_index,19,0,1,0.383,0.049,0.432,205.590,ok,,,1,1,1,1
dashboard_full_20260214_000516,2026-02-14T00:20:47+05:30,tpch0_1,5,"1,2,3,4,5",ours,21,0,1,0.648,173739.197,173739.845,329.074,ok,,,42,42,42,1
dashboard_full_20260214_000516,2026-02-14T00:20:47+05:30,tpch0_1,5,"1,2,3,4,5",rls_with_index,21,0,1,0.618,846.632,847.250,211.090,ok,,,42,42,42,1
dashboard_full_20260214_000516,2026-02-14T00:20:47+05:30,tpch0_1,5,"1,2,3,4,5",ours,22,0,1,0.188,76.216,76.404,245.516,ok,,,7,7,7,1
dashboard_full_20260214_000516,2026-02-14T00:20:47+05:30,tpch0_1,5,"1,2,3,4,5",rls_with_index,22,0,1,0.166,36.277,36.443,206.250,ok,,,7,7,7,1
dashboard_full_20260214_000516,2026-02-14T00:26:55+05:30,tpch0_1,10,"1,2,3,4,5,6,7,8,9,10",ours,1,0,1,0.812,1084.767,1085.579,152.059,ok,,,2,2,2,1
dashboard_full_20260214_000516,2026-02-14T00:26:55+05:30,tpch0_1,10,"1,2,3,4,5,6,7,8,9,10",rls_with_index,1,0,1,0.836,110.884,111.720,101.078,ok,,,2,2,2,1
dashboard_full_20260214_000516,2026-02-14T00:26:55+05:30,tpch0_1,10,"1,2,3,4,5,6,7,8,9,10",ours,2,0,1,0.777,538.118,538.895,165.719,ok,,,41,41,41,1
dashboard_full_20260214_000516,2026-02-14T00:26:55+05:30,tpch0_1,10,"1,2,3,4,5,6,7,8,9,10",rls_with_index,2,0,1,0.588,475.103,475.691,130.664,ok,,,41,41,41,1
dashboard_full_20260214_000516,2026-02-14T00:26:55+05:30,tpch0_1,10,"1,2,3,4,5,6,7,8,9,10",ours,3,0,1,0.652,961.574,962.226,248.219,ok,,,0,0,0,1
dashboard_full_20260214_000516,2026-02-14T00:26:55+05:30,tpch0_1,10,"1,2,3,4,5,6,7,8,9,10",rls_with_index,3,0,1,0.744,11.920,12.664,130.664,ok,,,0,0,0,1
dashboard_full_20260214_000516,2026-02-14T00:26:55+05:30,tpch0_1,10,"1,2,3,4,5,6,7,8,9,10",ours,4,0,1,0.344,949.858,950.202,256.488,ok,,,0,0,0,1
dashboard_full_20260214_000516,2026-02-14T00:26:55+05:30,tpch0_1,10,"1,2,3,4,5,6,7,8,9,10",rls_with_index,4,0,1,0.240,74.573,74.813,131.164,ok,,,0,0,0,1
dashboard_full_20260214_000516,2026-02-14T00:26:55+05:30,tpch0_1,10,"1,2,3,4,5,6,7,8,9,10",ours,5,0,1,0.948,961.642,962.590,263.996,ok,,,0,0,0,1
dashboard_full_20260214_000516,2026-02-14T00:26:55+05:30,tpch0_1,10,"1,2,3,4,5,6,7,8,9,10",rls_with_index,5,0,1,0.819,87.998,88.817,149.500,ok,,,0,0,0,1
dashboard_full_20260214_000516,2026-02-14T00:26:55+05:30,tpch0_1,10,"1,2,3,4,5,6,7,8,9,10",ours,6,0,1,0.404,814.941,815.345,268.480,ok,,,1691,1691,1691,1
dashboard_full_20260214_000516,2026-02-14T00:26:55+05:30,tpch0_1,10,"1,2,3,4,5,6,7,8,9,10",rls_with_index,6,0,1,0.157,41.168,41.325,150.500,ok,,,1691,1691,1691,1
dashboard_full_20260214_000516,2026-02-14T00:26:55+05:30,tpch0_1,10,"1,2,3,4,5,6,7,8,9,10",ours,7,0,1,0.377,958.697,959.074,264.023,ok,,,0,0,0,1
dashboard_full_20260214_000516,2026-02-14T00:26:55+05:30,tpch0_1,10,"1,2,3,4,5,6,7,8,9,10",rls_with_index,7,0,1,0.736,30.912,31.648,151.000,ok,,,0,0,0,1
dashboard_full_20260214_000516,2026-02-14T00:26:55+05:30,tpch0_1,10,"1,2,3,4,5,6,7,8,9,10",ours,8,0,1,0.481,980.513,980.994,269.254,ok,,,0,0,0,1
dashboard_full_20260214_000516,2026-02-14T00:26:55+05:30,tpch0_1,10,"1,2,3,4,5,6,7,8,9,10",rls_with_index,8,0,1,0.827,58.363,59.190,152.500,ok,,,0,0,0,1
dashboard_full_20260214_000516,2026-02-14T00:26:55+05:30,tpch0_1,10,"1,2,3,4,5,6,7,8,9,10",ours,9,0,1,0.564,941.994,942.558,269.195,ok,,,100,100,100,1
dashboard_full_20260214_000516,2026-02-14T00:26:55+05:30,tpch0_1,10,"1,2,3,4,5,6,7,8,9,10",rls_with_index,9,0,1,0.648,340.683,341.331,152.500,ok,,,100,100,100,1
dashboard_full_20260214_000516,2026-02-14T00:26:55+05:30,tpch0_1,10,"1,2,3,4,5,6,7,8,9,10",ours,10,0,1,0.774,979.937,980.711,269.141,ok,,,0,0,0,1
dashboard_full_20260214_000516,2026-02-14T00:26:55+05:30,tpch0_1,10,"1,2,3,4,5,6,7,8,9,10",rls_with_index,10,0,1,0.552,43.721,44.273,152.500,ok,,,0,0,0,1
dashboard_full_20260214_000516,2026-02-14T00:26:55+05:30,tpch0_1,10,"1,2,3,4,5,6,7,8,9,10",ours,11,0,1,0.408,77.122,77.530,196.211,ok,,,2753,2753,2753,1
dashboard_full_20260214_000516,2026-02-14T00:26:55+05:30,tpch0_1,10,"1,2,3,4,5,6,7,8,9,10",rls_with_index,11,0,1,0.164,29.830,29.994,152.500,ok,,,2753,2753,2753,1
dashboard_full_20260214_000516,2026-02-14T00:26:55+05:30,tpch0_1,10,"1,2,3,4,5,6,7,8,9,10",ours,12,0,1,0.481,931.860,932.341,269.211,ok,,,1,1,1,1
dashboard_full_20260214_000516,2026-02-14T00:26:55+05:30,tpch0_1,10,"1,2,3,4,5,6,7,8,9,10",rls_with_index,12,0,1,0.500,38.444,38.944,152.500,ok,,,1,1,1,1
dashboard_full_20260214_000516,2026-02-14T00:26:55+05:30,tpch0_1,10,"1,2,3,4,5,6,7,8,9,10",ours,13,0,1,0.235,59.539,59.774,196.234,ok,,,0,0,0,1
dashboard_full_20260214_000516,2026-02-14T00:26:55+05:30,tpch0_1,10,"1,2,3,4,5,6,7,8,9,10",rls_with_index,13,0,1,0.402,1.851,2.253,152.500,ok,,,0,0,0,1
dashboard_full_20260214_000516,2026-02-14T00:26:55+05:30,tpch0_1,10,"1,2,3,4,5,6,7,8,9,10",ours,14,0,1,0.414,815.973,816.387,269.234,ok,,,1,1,1,1
dashboard_full_20260214_000516,2026-02-14T00:26:55+05:30,tpch0_1,10,"1,2,3,4,5,6,7,8,9,10",rls_with_index,14,0,1,0.177,41.116,41.293,152.500,ok,,,1,1,1,1
dashboard_full_20260214_000516,2026-02-14T00:26:55+05:30,tpch0_1,10,"1,2,3,4,5,6,7,8,9,10",ours,15,0,1,0.364,811.561,811.925,269.250,ok,,,0,0,0,1
dashboard_full_20260214_000516,2026-02-14T00:26:55+05:30,tpch0_1,10,"1,2,3,4,5,6,7,8,9,10",rls_with_index,15,0,1,0.260,26.657,26.917,152.500,ok,,,0,0,0,1
dashboard_full_20260214_000516,2026-02-14T00:26:55+05:30,tpch0_1,10,"1,2,3,4,5,6,7,8,9,10",ours,16,0,1,0.459,75.828,76.287,196.266,ok,,,2846,2846,2846,1
dashboard_full_20260214_000516,2026-02-14T00:26:55+05:30,tpch0_1,10,"1,2,3,4,5,6,7,8,9,10",rls_with_index,16,0,1,0.234,51.419,51.653,152.500,ok,,,2846,2846,2846,1
dashboard_full_20260214_000516,2026-02-14T00:26:55+05:30,tpch0_1,10,"1,2,3,4,5,6,7,8,9,10",ours,17,0,1,0.462,2147.287,2147.749,311.293,ok,,,1,1,1,1
dashboard_full_20260214_000516,2026-02-14T00:26:55+05:30,tpch0_1,10,"1,2,3,4,5,6,7,8,9,10",rls_with_index,17,0,1,0.320,1040.267,1040.587,208.461,ok,,,1,1,1,1
dashboard_full_20260214_000516,2026-02-14T00:26:55+05:30,tpch0_1,10,"1,2,3,4,5,6,7,8,9,10",ours,18,0,1,0.752,982.966,983.718,330.422,ok,,,0,0,0,1
dashboard_full_20260214_000516,2026-02-14T00:26:55+05:30,tpch0_1,10,"1,2,3,4,5,6,7,8,9,10",rls_with_index,18,0,1,0.640,57.563,58.203,207.836,ok,,,0,0,0,1
dashboard_full_20260214_000516,2026-02-14T00:26:55+05:30,tpch0_1,10,"1,2,3,4,5,6,7,8,9,10",ours,19,0,1,0.579,840.841,841.420,327.199,ok,,,1,1,1,1
dashboard_full_20260214_000516,2026-02-14T00:26:55+05:30,tpch0_1,10,"1,2,3,4,5,6,7,8,9,10",rls_with_index,19,0,1,0.362,0.047,0.409,206.688,ok,,,1,1,1,1
dashboard_full_20260214_000516,2026-02-14T00:26:55+05:30,tpch0_1,10,"1,2,3,4,5,6,7,8,9,10",ours,21,0,1,0.725,174257.068,174257.793,325.922,ok,,,42,42,42,1
dashboard_full_20260214_000516,2026-02-14T00:26:55+05:30,tpch0_1,10,"1,2,3,4,5,6,7,8,9,10",rls_with_index,21,0,1,0.604,846.468,847.072,211.688,ok,,,42,42,42,1
dashboard_full_20260214_000516,2026-02-14T00:26:55+05:30,tpch0_1,10,"1,2,3,4,5,6,7,8,9,10",ours,22,0,1,0.187,62.537,62.724,249.555,ok,,,0,0,0,1
dashboard_full_20260214_000516,2026-02-14T00:26:55+05:30,tpch0_1,10,"1,2,3,4,5,6,7,8,9,10",rls_with_index,22,0,1,0.529,0.979,1.508,206.977,ok,,,0,0,0,1
dashboard_full_20260214_000516,2026-02-14T00:33:23+05:30,tpch0_1,15,"1,2,3,4,5,6,7,8,9,10,11,12,13,14,15",ours,1,0,1,1.313,1104.781,1106.094,166.453,ok,,,2,2,2,1
dashboard_full_20260214_000516,2026-02-14T00:33:23+05:30,tpch0_1,15,"1,2,3,4,5,6,7,8,9,10,11,12,13,14,15",rls_with_index,1,0,1,3.788,922.527,926.315,229.883,ok,,,2,2,2,1
dashboard_full_20260214_000516,2026-02-14T00:33:23+05:30,tpch0_1,15,"1,2,3,4,5,6,7,8,9,10,11,12,13,14,15",ours,2,0,1,0.930,527.647,528.577,175.684,ok,,,41,41,41,1
dashboard_full_20260214_000516,2026-02-14T00:33:23+05:30,tpch0_1,15,"1,2,3,4,5,6,7,8,9,10,11,12,13,14,15",rls_with_index,2,0,1,0.649,481.293,481.942,232.004,ok,,,41,41,41,1
dashboard_full_20260214_000516,2026-02-14T00:33:23+05:30,tpch0_1,15,"1,2,3,4,5,6,7,8,9,10,11,12,13,14,15",ours,3,0,1,0.864,795.286,796.150,249.184,ok,,,0,0,0,1
dashboard_full_20260214_000516,2026-02-14T00:33:23+05:30,tpch0_1,15,"1,2,3,4,5,6,7,8,9,10,11,12,13,14,15",rls_with_index,3,0,1,3.067,0.174,3.241,232.004,ok,,,0,0,0,1
dashboard_full_20260214_000516,2026-02-14T00:33:23+05:30,tpch0_1,15,"1,2,3,4,5,6,7,8,9,10,11,12,13,14,15",ours,4,0,1,0.674,765.132,765.806,266.305,ok,,,0,0,0,1
dashboard_full_20260214_000516,2026-02-14T00:33:23+05:30,tpch0_1,15,"1,2,3,4,5,6,7,8,9,10,11,12,13,14,15",rls_with_index,4,0,1,2.706,1186.804,1189.510,237.004,ok,,,0,0,0,1
dashboard_full_20260214_000516,2026-02-14T00:33:23+05:30,tpch0_1,15,"1,2,3,4,5,6,7,8,9,10,11,12,13,14,15",ours,5,0,1,1.166,761.269,762.435,266.348,ok,,,0,0,0,1
dashboard_full_20260214_000516,2026-02-14T00:33:23+05:30,tpch0_1,15,"1,2,3,4,5,6,7,8,9,10,11,12,13,14,15",rls_with_index,5,0,1,3.677,0.192,3.869,241.004,ok,,,0,0,0,1
dashboard_full_20260214_000516,2026-02-14T00:33:23+05:30,tpch0_1,15,"1,2,3,4,5,6,7,8,9,10,11,12,13,14,15",ours,6,0,1,0.771,831.513,832.284,266.191,ok,,,1691,1691,1691,1
dashboard_full_20260214_000516,2026-02-14T00:33:23+05:30,tpch0_1,15,"1,2,3,4,5,6,7,8,9,10,11,12,13,14,15",rls_with_index,6,0,1,1.486,685.159,686.645,241.004,ok,,,1691,1691,1691,1
dashboard_full_20260214_000516,2026-02-14T00:33:23+05:30,tpch0_1,15,"1,2,3,4,5,6,7,8,9,10,11,12,13,14,15",ours,7,0,1,0.384,814.664,815.048,266.215,ok,,,0,0,0,1
dashboard_full_20260214_000516,2026-02-14T00:33:23+05:30,tpch0_1,15,"1,2,3,4,5,6,7,8,9,10,11,12,13,14,15",rls_with_index,7,0,1,3.472,0.171,3.643,238.629,ok,,,0,0,0,1
dashboard_full_20260214_000516,2026-02-14T00:33:23+05:30,tpch0_1,15,"1,2,3,4,5,6,7,8,9,10,11,12,13,14,15",ours,8,0,1,0.477,787.093,787.570,266.223,ok,,,0,0,0,1
dashboard_full_20260214_000516,2026-02-14T00:33:23+05:30,tpch0_1,15,"1,2,3,4,5,6,7,8,9,10,11,12,13,14,15",rls_with_index,8,0,1,3.503,0.607,4.110,240.129,ok,,,0,0,0,1
dashboard_full_20260214_000516,2026-02-14T00:33:23+05:30,tpch0_1,15,"1,2,3,4,5,6,7,8,9,10,11,12,13,14,15",ours,9,0,1,0.583,745.544,746.127,266.227,ok,,,0,0,0,1
dashboard_full_20260214_000516,2026-02-14T00:33:23+05:30,tpch0_1,15,"1,2,3,4,5,6,7,8,9,10,11,12,13,14,15",rls_with_index,9,0,1,3.255,1663.079,1666.334,241.129,ok,,,0,0,0,1
dashboard_full_20260214_000516,2026-02-14T00:33:23+05:30,tpch0_1,15,"1,2,3,4,5,6,7,8,9,10,11,12,13,14,15",ours,10,0,1,1.014,766.394,767.408,266.309,ok,,,0,0,0,1
dashboard_full_20260214_000516,2026-02-14T00:33:23+05:30,tpch0_1,15,"1,2,3,4,5,6,7,8,9,10,11,12,13,14,15",rls_with_index,10,0,1,3.110,1.050,4.160,244.156,ok,,,0,0,0,1
dashboard_full_20260214_000516,2026-02-14T00:33:23+05:30,tpch0_1,15,"1,2,3,4,5,6,7,8,9,10,11,12,13,14,15",ours,11,0,1,0.509,77.185,77.694,195.367,ok,,,2753,2753,2753,1
dashboard_full_20260214_000516,2026-02-14T00:33:23+05:30,tpch0_1,15,"1,2,3,4,5,6,7,8,9,10,11,12,13,14,15",rls_with_index,11,0,1,0.210,28.315,28.525,244.156,ok,,,2753,2753,2753,1
dashboard_full_20260214_000516,2026-02-14T00:33:23+05:30,tpch0_1,15,"1,2,3,4,5,6,7,8,9,10,11,12,13,14,15",ours,12,0,1,0.828,817.134,817.962,266.867,ok,,,0,0,0,1
dashboard_full_20260214_000516,2026-02-14T00:33:23+05:30,tpch0_1,15,"1,2,3,4,5,6,7,8,9,10,11,12,13,14,15",rls_with_index,12,0,1,2.782,1106.044,1108.826,244.656,ok,,,0,0,0,1
dashboard_full_20260214_000516,2026-02-14T00:33:23+05:30,tpch0_1,15,"1,2,3,4,5,6,7,8,9,10,11,12,13,14,15",ours,13,0,1,0.213,172.295,172.508,195.391,ok,,,0,0,0,1
dashboard_full_20260214_000516,2026-02-14T00:33:23+05:30,tpch0_1,15,"1,2,3,4,5,6,7,8,9,10,11,12,13,14,15",rls_with_index,13,0,1,1.679,0.990,2.669,241.988,ok,,,0,0,0,1
dashboard_full_20260214_000516,2026-02-14T00:33:23+05:30,tpch0_1,15,"1,2,3,4,5,6,7,8,9,10,11,12,13,14,15",ours,14,0,1,0.777,837.554,838.331,266.891,ok,,,1,1,1,1
dashboard_full_20260214_000516,2026-02-14T00:33:23+05:30,tpch0_1,15,"1,2,3,4,5,6,7,8,9,10,11,12,13,14,15",rls_with_index,14,0,1,1.523,729.931,731.454,241.988,ok,,,1,1,1,1
dashboard_full_20260214_000516,2026-02-14T00:33:23+05:30,tpch0_1,15,"1,2,3,4,5,6,7,8,9,10,11,12,13,14,15",ours,15,0,1,0.482,833.222,833.704,271.406,ok,,,0,0,0,1
dashboard_full_20260214_000516,2026-02-14T00:33:23+05:30,tpch0_1,15,"1,2,3,4,5,6,7,8,9,10,11,12,13,14,15",rls_with_index,15,0,1,1.638,782.594,784.232,243.988,ok,,,0,0,0,1
dashboard_full_20260214_000516,2026-02-14T00:33:23+05:30,tpch0_1,15,"1,2,3,4,5,6,7,8,9,10,11,12,13,14,15",ours,16,0,1,0.590,76.061,76.651,195.578,ok,,,2846,2846,2846,1
dashboard_full_20260214_000516,2026-02-14T00:33:23+05:30,tpch0_1,15,"1,2,3,4,5,6,7,8,9,10,11,12,13,14,15",rls_with_index,16,0,1,0.230,53.982,54.212,243.449,ok,,,2846,2846,2846,1
dashboard_full_20260214_000516,2026-02-14T00:33:23+05:30,tpch0_1,15,"1,2,3,4,5,6,7,8,9,10,11,12,13,14,15",ours,17,0,1,0.815,2175.305,2176.120,314.043,ok,,,1,1,1,1
dashboard_full_20260214_000516,2026-02-14T00:33:23+05:30,tpch0_1,15,"1,2,3,4,5,6,7,8,9,10,11,12,13,14,15",rls_with_index,17,0,1,2.935,2368.603,2371.538,246.453,ok,,,1,1,1,1
dashboard_full_20260214_000516,2026-02-14T00:33:23+05:30,tpch0_1,15,"1,2,3,4,5,6,7,8,9,10,11,12,13,14,15",ours,18,0,1,1.018,787.952,788.970,337.383,ok,,,0,0,0,1
dashboard_full_20260214_000516,2026-02-14T00:33:23+05:30,tpch0_1,15,"1,2,3,4,5,6,7,8,9,10,11,12,13,14,15",rls_with_index,18,0,1,4.574,1746.613,1751.187,251.953,ok,,,0,0,0,1
dashboard_full_20260214_000516,2026-02-14T00:33:23+05:30,tpch0_1,15,"1,2,3,4,5,6,7,8,9,10,11,12,13,14,15",ours,19,0,1,0.948,867.431,868.379,337.449,ok,,,1,1,1,1
dashboard_full_20260214_000516,2026-02-14T00:33:23+05:30,tpch0_1,15,"1,2,3,4,5,6,7,8,9,10,11,12,13,14,15",rls_with_index,19,0,1,1.724,63.523,65.247,252.305,ok,,,1,1,1,1
dashboard_full_20260214_000516,2026-02-14T00:33:23+05:30,tpch0_1,15,"1,2,3,4,5,6,7,8,9,10,11,12,13,14,15",ours,21,0,1,1.107,174317.391,174318.498,337.504,ok,,,0,0,0,1
dashboard_full_20260214_000516,2026-02-14T00:33:23+05:30,tpch0_1,15,"1,2,3,4,5,6,7,8,9,10,11,12,13,14,15",rls_with_index,21,0,1,5.693,2294.440,2300.133,260.801,ok,,,0,0,0,1
dashboard_full_20260214_000516,2026-02-14T00:33:23+05:30,tpch0_1,15,"1,2,3,4,5,6,7,8,9,10,11,12,13,14,15",ours,22,0,1,0.194,180.621,180.815,254.984,ok,,,0,0,0,1
dashboard_full_20260214_000516,2026-02-14T00:33:23+05:30,tpch0_1,15,"1,2,3,4,5,6,7,8,9,10,11,12,13,14,15",rls_with_index,22,0,1,1.803,0.996,2.799,268.504,ok,,,0,0,0,1
dashboard_full_20260214_000516,2026-02-14T00:35:01+05:30,tpch0_1,20,"1,2,3,4,5,6,7,8,9,10,11,12,13,14,15,16,17,18,19,20",ours,1,0,1,1.633,663.886,665.519,176.344,ok,,,0,0,0,1
dashboard_full_20260214_000516,2026-02-14T00:35:01+05:30,tpch0_1,20,"1,2,3,4,5,6,7,8,9,10,11,12,13,14,15,16,17,18,19,20",rls_with_index,1,0,1,11.286,2999.632,3010.918,239.000,ok,,,0,0,0,1
dashboard_full_20260214_000516,2026-02-14T00:35:01+05:30,tpch0_1,20,"1,2,3,4,5,6,7,8,9,10,11,12,13,14,15,16,17,18,19,20",ours,2,0,1,1.193,38.432,39.625,176.625,ok,,,0,0,0,1
dashboard_full_20260214_000516,2026-02-14T00:35:01+05:30,tpch0_1,20,"1,2,3,4,5,6,7,8,9,10,11,12,13,14,15,16,17,18,19,20",rls_with_index,2,0,1,0.776,0.046,0.822,242.582,ok,,,0,0,0,1
dashboard_full_20260214_000516,2026-02-14T00:35:01+05:30,tpch0_1,20,"1,2,3,4,5,6,7,8,9,10,11,12,13,14,15,16,17,18,19,20",ours,3,0,1,1.180,541.368,542.548,276.125,ok,,,0,0,0,1
dashboard_full_20260214_000516,2026-02-14T00:35:01+05:30,tpch0_1,20,"1,2,3,4,5,6,7,8,9,10,11,12,13,14,15,16,17,18,19,20",rls_with_index,3,0,1,8.889,0.456,9.345,242.582,ok,,,0,0,0,1
dashboard_full_20260214_000516,2026-02-14T00:35:01+05:30,tpch0_1,20,"1,2,3,4,5,6,7,8,9,10,11,12,13,14,15,16,17,18,19,20",ours,4,0,1,0.920,368.699,369.619,276.008,ok,,,0,0,0,1
dashboard_full_20260214_000516,2026-02-14T00:35:01+05:30,tpch0_1,20,"1,2,3,4,5,6,7,8,9,10,11,12,13,14,15,16,17,18,19,20",rls_with_index,4,0,1,8.638,3242.882,3251.520,252.473,ok,,,0,0,0,1
dashboard_full_20260214_000516,2026-02-14T00:35:01+05:30,tpch0_1,20,"1,2,3,4,5,6,7,8,9,10,11,12,13,14,15,16,17,18,19,20",ours,5,0,1,1.538,628.882,630.420,282.574,ok,,,0,0,0,1
dashboard_full_20260214_000516,2026-02-14T00:35:01+05:30,tpch0_1,20,"1,2,3,4,5,6,7,8,9,10,11,12,13,14,15,16,17,18,19,20",rls_with_index,5,0,1,9.884,0.492,10.376,262.973,ok,,,0,0,0,1
dashboard_full_20260214_000516,2026-02-14T00:35:01+05:30,tpch0_1,20,"1,2,3,4,5,6,7,8,9,10,11,12,13,14,15,16,17,18,19,20",ours,6,0,1,1.101,431.842,432.943,283.078,ok,,,0,0,0,1
dashboard_full_20260214_000516,2026-02-14T00:35:01+05:30,tpch0_1,20,"1,2,3,4,5,6,7,8,9,10,11,12,13,14,15,16,17,18,19,20",rls_with_index,6,0,1,7.282,2818.824,2826.106,269.973,ok,,,0,0,0,1
dashboard_full_20260214_000516,2026-02-14T00:35:01+05:30,tpch0_1,20,"1,2,3,4,5,6,7,8,9,10,11,12,13,14,15,16,17,18,19,20",ours,7,0,1,0.383,493.040,493.423,283.602,ok,,,0,0,0,1
dashboard_full_20260214_000516,2026-02-14T00:35:01+05:30,tpch0_1,20,"1,2,3,4,5,6,7,8,9,10,11,12,13,14,15,16,17,18,19,20",rls_with_index,7,0,1,9.633,0.524,10.157,271.973,ok,,,0,0,0,1
dashboard_full_20260214_000516,2026-02-14T00:35:01+05:30,tpch0_1,20,"1,2,3,4,5,6,7,8,9,10,11,12,13,14,15,16,17,18,19,20",ours,8,0,1,0.480,621.058,621.538,284.105,ok,,,0,0,0,1
dashboard_full_20260214_000516,2026-02-14T00:35:01+05:30,tpch0_1,20,"1,2,3,4,5,6,7,8,9,10,11,12,13,14,15,16,17,18,19,20",rls_with_index,8,0,1,9.707,0.929,10.636,271.973,ok,,,0,0,0,1
dashboard_full_20260214_000516,2026-02-14T00:35:01+05:30,tpch0_1,20,"1,2,3,4,5,6,7,8,9,10,11,12,13,14,15,16,17,18,19,20",ours,9,0,1,0.545,347.809,348.354,284.609,ok,,,0,0,0,1
dashboard_full_20260214_000516,2026-02-14T00:35:01+05:30,tpch0_1,20,"1,2,3,4,5,6,7,8,9,10,11,12,13,14,15,16,17,18,19,20",rls_with_index,9,0,1,9.027,0.389,9.416,271.973,ok,,,0,0,0,1
dashboard_full_20260214_000516,2026-02-14T00:35:01+05:30,tpch0_1,20,"1,2,3,4,5,6,7,8,9,10,11,12,13,14,15,16,17,18,19,20",ours,10,0,1,1.340,363.233,364.573,284.613,ok,,,0,0,0,1
dashboard_full_20260214_000516,2026-02-14T00:35:01+05:30,tpch0_1,20,"1,2,3,4,5,6,7,8,9,10,11,12,13,14,15,16,17,18,19,20",rls_with_index,10,0,1,8.909,1.360,10.269,271.973,ok,,,0,0,0,1
dashboard_full_20260214_000516,2026-02-14T00:35:01+05:30,tpch0_1,20,"1,2,3,4,5,6,7,8,9,10,11,12,13,14,15,16,17,18,19,20",ours,11,0,1,0.756,38.575,39.331,201.184,ok,,,0,0,0,1
dashboard_full_20260214_000516,2026-02-14T00:35:01+05:30,tpch0_1,20,"1,2,3,4,5,6,7,8,9,10,11,12,13,14,15,16,17,18,19,20",rls_with_index,11,0,1,0.206,0.029,0.235,271.973,ok,,,0,0,0,1
dashboard_full_20260214_000516,2026-02-14T00:35:01+05:30,tpch0_1,20,"1,2,3,4,5,6,7,8,9,10,11,12,13,14,15,16,17,18,19,20",ours,12,0,1,1.137,403.532,404.669,286.684,ok,,,0,0,0,1
dashboard_full_20260214_000516,2026-02-14T00:35:01+05:30,tpch0_1,20,"1,2,3,4,5,6,7,8,9,10,11,12,13,14,15,16,17,18,19,20",rls_with_index,12,0,1,9.956,3248.664,3258.620,271.973,ok,,,0,0,0,1
dashboard_full_20260214_000516,2026-02-14T00:35:01+05:30,tpch0_1,20,"1,2,3,4,5,6,7,8,9,10,11,12,13,14,15,16,17,18,19,20",ours,13,0,1,0.237,159.921,160.158,201.199,ok,,,0,0,0,1
dashboard_full_20260214_000516,2026-02-14T00:35:01+05:30,tpch0_1,20,"1,2,3,4,5,6,7,8,9,10,11,12,13,14,15,16,17,18,19,20",rls_with_index,13,0,1,1.690,1.066,2.756,280.484,ok,,,0,0,0,1
dashboard_full_20260214_000516,2026-02-14T00:35:01+05:30,tpch0_1,20,"1,2,3,4,5,6,7,8,9,10,11,12,13,14,15,16,17,18,19,20",ours,14,0,1,1.079,412.362,413.441,286.699,ok,,,1,1,1,1
dashboard_full_20260214_000516,2026-02-14T00:35:01+05:30,tpch0_1,20,"1,2,3,4,5,6,7,8,9,10,11,12,13,14,15,16,17,18,19,20",rls_with_index,14,0,1,7.444,2907.765,2915.209,280.484,ok,,,1,1,1,1
dashboard_full_20260214_000516,2026-02-14T00:35:01+05:30,tpch0_1,20,"1,2,3,4,5,6,7,8,9,10,11,12,13,14,15,16,17,18,19,20",ours,15,0,1,0.685,428.153,428.838,287.215,ok,,,0,0,0,1
dashboard_full_20260214_000516,2026-02-14T00:35:01+05:30,tpch0_1,20,"1,2,3,4,5,6,7,8,9,10,11,12,13,14,15,16,17,18,19,20",rls_with_index,15,0,1,7.735,2731.185,2738.920,281.445,ok,,,0,0,0,1
dashboard_full_20260214_000516,2026-02-14T00:35:01+05:30,tpch0_1,20,"1,2,3,4,5,6,7,8,9,10,11,12,13,14,15,16,17,18,19,20",ours,16,0,1,0.833,42.139,42.972,201.730,ok,,,0,0,0,1
dashboard_full_20260214_000516,2026-02-14T00:35:01+05:30,tpch0_1,20,"1,2,3,4,5,6,7,8,9,10,11,12,13,14,15,16,17,18,19,20",rls_with_index,16,0,1,0.389,10.077,10.466,282.418,ok,,,0,0,0,1
dashboard_full_20260214_000516,2026-02-14T00:35:01+05:30,tpch0_1,20,"1,2,3,4,5,6,7,8,9,10,11,12,13,14,15,16,17,18,19,20",ours,17,0,1,1.165,798.866,800.031,329.258,ok,,,1,1,1,1
dashboard_full_20260214_000516,2026-02-14T00:35:01+05:30,tpch0_1,20,"1,2,3,4,5,6,7,8,9,10,11,12,13,14,15,16,17,18,19,20",rls_with_index,17,0,1,14.908,795.282,810.190,308.441,ok,,,1,1,1,1
dashboard_full_20260214_000516,2026-02-14T00:35:01+05:30,tpch0_1,20,"1,2,3,4,5,6,7,8,9,10,11,12,13,14,15,16,17,18,19,20",ours,18,0,1,1.239,608.606,609.845,360.320,ok,,,0,0,0,1
dashboard_full_20260214_000516,2026-02-14T00:35:01+05:30,tpch0_1,20,"1,2,3,4,5,6,7,8,9,10,11,12,13,14,15,16,17,18,19,20",rls_with_index,18,0,1,16.116,6103.305,6119.421,323.066,ok,,,0,0,0,1
dashboard_full_20260214_000516,2026-02-14T00:35:01+05:30,tpch0_1,20,"1,2,3,4,5,6,7,8,9,10,11,12,13,14,15,16,17,18,19,20",ours,19,0,1,1.353,474.200,475.553,360.340,ok,,,1,1,1,1
dashboard_full_20260214_000516,2026-02-14T00:35:01+05:30,tpch0_1,20,"1,2,3,4,5,6,7,8,9,10,11,12,13,14,15,16,17,18,19,20",rls_with_index,19,0,1,7.905,2.259,10.164,349.066,ok,,,1,1,1,1
dashboard_full_20260214_000516,2026-02-14T00:35:01+05:30,tpch0_1,20,"1,2,3,4,5,6,7,8,9,10,11,12,13,14,15,16,17,18,19,20",ours,21,0,1,1.480,548.540,550.020,360.375,ok,,,0,0,0,1
dashboard_full_20260214_000516,2026-02-14T00:35:01+05:30,tpch0_1,20,"1,2,3,4,5,6,7,8,9,10,11,12,13,14,15,16,17,18,19,20",rls_with_index,21,0,1,23.279,9287.963,9311.242,365.566,ok,,,0,0,0,1
dashboard_full_20260214_000516,2026-02-14T00:35:01+05:30,tpch0_1,20,"1,2,3,4,5,6,7,8,9,10,11,12,13,14,15,16,17,18,19,20",ours,22,0,1,0.192,167.153,167.345,255.879,ok,,,0,0,0,1
dashboard_full_20260214_000516,2026-02-14T00:35:01+05:30,tpch0_1,20,"1,2,3,4,5,6,7,8,9,10,11,12,13,14,15,16,17,18,19,20",rls_with_index,22,0,1,1.878,1.051,2.929,399.566,ok,,,0,0,0,1
dashboard_full_20260214_000516,2026-02-14T03:31:49+05:30,tpch1,1,1,ours,1,0,1,0.492,7464.286,7464.778,360.508,ok,,,3,3,3,1
dashboard_full_20260214_000516,2026-02-14T03:31:49+05:30,tpch1,1,1,rls_with_index,1,0,1,0.458,3756.507,3756.965,92.605,ok,,,3,3,3,1
dashboard_full_20260214_000516,2026-02-14T03:31:49+05:30,tpch1,1,1,ours,2,0,1,0.564,72676.001,72676.565,195.312,ok,,,477,477,477,1
dashboard_full_20260214_000516,2026-02-14T03:31:49+05:30,tpch1,1,1,rls_with_index,2,0,1,0.526,68553.752,68554.278,132.121,ok,,,477,477,477,1
dashboard_full_20260214_000516,2026-02-14T03:31:49+05:30,tpch1,1,1,ours,3,0,1,0.303,3184.874,3185.177,413.746,ok,,,11313,11313,11313,1
dashboard_full_20260214_000516,2026-02-14T03:31:49+05:30,tpch1,1,1,rls_with_index,3,0,1,0.241,1184.430,1184.671,180.863,ok,,,11313,11313,11313,1
dashboard_full_20260214_000516,2026-02-14T03:31:49+05:30,tpch1,1,1,ours,4,0,1,0.176,3246.502,3246.678,449.266,ok,,,0,0,0,1
dashboard_full_20260214_000516,2026-02-14T03:31:49+05:30,tpch1,1,1,rls_with_index,4,0,1,0.158,1389.866,1390.024,176.879,ok,,,0,0,0,1
dashboard_full_20260214_000516,2026-02-14T03:31:49+05:30,tpch1,1,1,ours,5,0,1,0.526,4827.669,4828.195,449.863,ok,,,5,5,5,1
dashboard_full_20260214_000516,2026-02-14T03:31:49+05:30,tpch1,1,1,rls_with_index,5,0,1,0.549,1428.926,1429.475,179.098,ok,,,5,5,5,1
dashboard_full_20260214_000516,2026-02-14T03:31:49+05:30,tpch1,1,1,ours,6,0,1,0.126,1407.100,1407.226,451.062,ok,,,114238,114238,114238,1
dashboard_full_20260214_000516,2026-02-14T03:31:49+05:30,tpch1,1,1,rls_with_index,6,0,1,0.077,933.099,933.176,176.238,ok,,,114238,114238,114238,1
dashboard_full_20260214_000516,2026-02-14T03:31:49+05:30,tpch1,1,1,ours,7,0,1,0.390,2987.625,2988.015,450.828,ok,,,2,2,2,1
dashboard_full_20260214_000516,2026-02-14T03:31:49+05:30,tpch1,1,1,rls_with_index,7,0,1,0.400,1170.501,1170.901,179.238,ok,,,2,2,2,1
dashboard_full_20260214_000516,2026-02-14T03:31:49+05:30,tpch1,1,1,ours,8,0,1,0.481,4834.545,4835.026,451.504,ok,,,1,1,1,1
dashboard_full_20260214_000516,2026-02-14T03:31:49+05:30,tpch1,1,1,rls_with_index,8,0,1,0.513,1425.821,1426.334,180.945,ok,,,1,1,1,1
dashboard_full_20260214_000516,2026-02-14T03:31:49+05:30,tpch1,1,1,ours,9,0,1,0.543,6356.615,6357.158,426.402,ok,,,100,100,100,1
dashboard_full_20260214_000516,2026-02-14T03:31:49+05:30,tpch1,1,1,rls_with_index,9,0,1,0.542,2560.084,2560.626,193.309,ok,,,100,100,100,1
dashboard_full_20260214_000516,2026-02-14T03:31:49+05:30,tpch1,1,1,ours,10,0,1,0.332,2956.984,2957.316,458.309,ok,,,37690,37690,37690,1
dashboard_full_20260214_000516,2026-02-14T03:31:49+05:30,tpch1,1,1,rls_with_index,10,0,1,0.280,1503.187,1503.467,252.051,ok,,,37690,37690,37690,1
dashboard_full_20260214_000516,2026-02-14T03:31:49+05:30,tpch1,1,1,ours,11,0,1,0.224,805.843,806.067,256.590,ok,,,22571,22571,22571,1
dashboard_full_20260214_000516,2026-02-14T03:31:49+05:30,tpch1,1,1,rls_with_index,11,0,1,0.225,330.043,330.268,229.242,ok,,,22571,22571,22571,1
dashboard_full_20260214_000516,2026-02-14T03:31:49+05:30,tpch1,1,1,ours,12,0,1,0.184,2452.608,2452.792,460.770,ok,,,2,2,2,1
dashboard_full_20260214_000516,2026-02-14T03:31:49+05:30,tpch1,1,1,rls_with_index,12,0,1,0.139,1413.380,1413.519,231.242,ok,,,2,2,2,1
dashboard_full_20260214_000516,2026-02-14T03:31:49+05:30,tpch1,1,1,ours,13,0,1,0.238,1718.960,1719.198,258.676,ok,,,42,42,42,1
dashboard_full_20260214_000516,2026-02-14T03:31:49+05:30,tpch1,1,1,rls_with_index,13,0,1,0.222,1251.712,1251.934,236.742,ok,,,42,42,42,1
dashboard_full_20260214_000516,2026-02-14T03:31:49+05:30,tpch1,1,1,ours,14,0,1,0.156,1456.725,1456.881,461.965,ok,,,1,1,1,1
dashboard_full_20260214_000516,2026-02-14T03:31:49+05:30,tpch1,1,1,rls_with_index,14,0,1,0.122,902.332,902.454,236.742,ok,,,1,1,1,1
dashboard_full_20260214_000516,2026-02-14T03:31:49+05:30,tpch1,1,1,ours,15,0,1,0.192,1309.268,1309.460,462.477,ok,,,0,0,0,1
dashboard_full_20260214_000516,2026-02-14T03:31:49+05:30,tpch1,1,1,rls_with_index,15,0,1,0.177,694.659,694.836,236.742,ok,,,0,0,0,1
dashboard_full_20260214_000516,2026-02-14T03:31:49+05:30,tpch1,1,1,ours,16,0,1,0.235,835.774,836.009,260.207,ok,,,18133,18133,18133,1
dashboard_full_20260214_000516,2026-02-14T03:31:49+05:30,tpch1,1,1,rls_with_index,16,0,1,0.207,589.687,589.894,236.742,ok,,,18133,18133,18133,1
dashboard_full_20260214_000516,2026-02-14T03:31:49+05:30,tpch1,1,1,ours,17,0,1,0.173,1099159.743,1099159.916,463.316,ok,,,1,1,1,1
dashboard_full_20260214_000516,2026-02-14T03:31:49+05:30,tpch1,1,1,rls_with_index,17,0,1,0.151,1296561.526,1296561.677,237.238,ok,,,1,1,1,1
dashboard_full_20260214_000516,2026-02-14T03:31:49+05:30,tpch1,1,1,ours,18,0,1,0.284,9053.254,9053.538,470.617,ok,,,3,3,3,1
dashboard_full_20260214_000516,2026-02-14T03:31:49+05:30,tpch1,1,1,rls_with_index,18,0,1,0.267,4460.121,4460.388,238.746,ok,,,3,3,3,1
dashboard_full_20260214_000516,2026-02-14T03:31:49+05:30,tpch1,1,1,ours,19,0,1,0.273,1813.911,1814.184,489.379,ok,,,1,1,,skip
dashboard_full_20260214_000516,2026-02-14T03:31:49+05:30,tpch1,1,1,rls_with_index,19,0,1,,,,,error,timeout,ERROR:  canceling statement due to statement timeout,,1,,skip
dashboard_full_20260214_000516,2026-02-14T03:31:49+05:30,tpch1,1,1,ours,21,0,1,,,,,error,timeout,ERROR:  canceling statement due to statement timeout,,,,skip
dashboard_full_20260214_000516,2026-02-14T03:31:49+05:30,tpch1,1,1,rls_with_index,21,0,1,,,,,error,timeout,ERROR:  canceling statement due to statement timeout,,,,skip
dashboard_full_20260214_000516,2026-02-14T03:31:49+05:30,tpch1,1,1,ours,22,0,1,0.173,824.296,824.469,287.184,ok,,,7,7,7,1
dashboard_full_20260214_000516,2026-02-14T03:31:49+05:30,tpch1,1,1,rls_with_index,22,0,1,0.176,408.862,409.038,239.262,ok,,,7,7,7,1
dashboard_full_20260214_000516,2026-02-14T04:28:35+05:30,tpch1,5,"1,2,3,4,5",ours,1,0,1,0.733,7134.585,7135.318,835.246,ok,,,2,2,2,1
dashboard_full_20260214_000516,2026-02-14T04:28:35+05:30,tpch1,5,"1,2,3,4,5",rls_with_index,1,0,1,0.827,1942.435,1943.262,220.719,ok,,,2,2,2,1
dashboard_full_20260214_000516,2026-02-14T04:28:35+05:30,tpch1,5,"1,2,3,4,5",ours,2,0,1,0.619,72121.957,72122.576,291.305,ok,,,477,477,477,1
dashboard_full_20260214_000516,2026-02-14T04:28:35+05:30,tpch1,5,"1,2,3,4,5",rls_with_index,2,0,1,0.588,68494.585,68495.173,232.078,ok,,,477,477,477,1
dashboard_full_20260214_000516,2026-02-14T04:28:35+05:30,tpch1,5,"1,2,3,4,5",ours,3,0,1,0.542,6052.185,6052.727,894.246,ok,,,3007,3007,3007,1
dashboard_full_20260214_000516,2026-02-14T04:28:35+05:30,tpch1,5,"1,2,3,4,5",rls_with_index,3,0,1,0.356,1532.550,1532.906,248.590,ok,,,3007,3007,3007,1
dashboard_full_20260214_000516,2026-02-14T04:28:35+05:30,tpch1,5,"1,2,3,4,5",ours,4,0,1,0.281,5734.818,5735.099,908.324,ok,,,0,0,0,1
dashboard_full_20260214_000516,2026-02-14T04:28:35+05:30,tpch1,5,"1,2,3,4,5",rls_with_index,4,0,1,0.303,1433.024,1433.327,249.824,ok,,,0,0,0,1
dashboard_full_20260214_000516,2026-02-14T04:28:35+05:30,tpch1,5,"1,2,3,4,5",ours,5,0,1,0.775,7012.300,7013.075,901.234,ok,,,5,5,5,1
dashboard_full_20260214_000516,2026-02-14T04:28:35+05:30,tpch1,5,"1,2,3,4,5",rls_with_index,5,0,1,0.627,1916.285,1916.912,250.109,ok,,,5,5,5,1
dashboard_full_20260214_000516,2026-02-14T04:28:35+05:30,tpch1,5,"1,2,3,4,5",ours,6,0,1,0.364,4359.896,4360.260,916.199,ok,,,16364,16364,16364,1
dashboard_full_20260214_000516,2026-02-14T04:28:35+05:30,tpch1,5,"1,2,3,4,5",rls_with_index,6,0,1,0.175,1203.851,1204.026,250.398,ok,,,16364,16364,16364,1
dashboard_full_20260214_000516,2026-02-14T04:28:35+05:30,tpch1,5,"1,2,3,4,5",ours,7,0,1,0.394,5801.901,5802.295,913.387,ok,,,2,2,2,1
dashboard_full_20260214_000516,2026-02-14T04:28:35+05:30,tpch1,5,"1,2,3,4,5",rls_with_index,7,0,1,0.543,1764.208,1764.751,250.918,ok,,,2,2,2,1
dashboard_full_20260214_000516,2026-02-14T04:28:35+05:30,tpch1,5,"1,2,3,4,5",ours,8,0,1,0.478,7054.462,7054.940,913.703,ok,,,1,1,1,1
dashboard_full_20260214_000516,2026-02-14T04:28:35+05:30,tpch1,5,"1,2,3,4,5",rls_with_index,8,0,1,0.668,1979.945,1980.613,251.883,ok,,,1,1,1,1
dashboard_full_20260214_000516,2026-02-14T04:28:35+05:30,tpch1,5,"1,2,3,4,5",ours,9,0,1,0.552,5470.580,5471.132,906.391,ok,,,100,100,100,1
dashboard_full_20260214_000516,2026-02-14T04:28:35+05:30,tpch1,5,"1,2,3,4,5",rls_with_index,9,0,1,0.697,22570.342,22571.039,251.984,ok,,,100,100,100,1
dashboard_full_20260214_000516,2026-02-14T04:28:35+05:30,tpch1,5,"1,2,3,4,5",ours,10,0,1,0.636,5286.484,5287.120,912.352,ok,,,12535,12535,12535,1
dashboard_full_20260214_000516,2026-02-14T04:28:35+05:30,tpch1,5,"1,2,3,4,5",rls_with_index,10,0,1,0.430,1378.801,1379.231,266.445,ok,,,12535,12535,12535,1
dashboard_full_20260214_000516,2026-02-14T04:28:35+05:30,tpch1,5,"1,2,3,4,5",ours,11,0,1,0.344,806.076,806.420,305.277,ok,,,22571,22571,22571,1
dashboard_full_20260214_000516,2026-02-14T04:28:35+05:30,tpch1,5,"1,2,3,4,5",rls_with_index,11,0,1,0.199,330.002,330.201,235.344,ok,,,22571,22571,22571,1
dashboard_full_20260214_000516,2026-02-14T04:28:35+05:30,tpch1,5,"1,2,3,4,5",ours,12,0,1,0.439,5394.261,5394.700,912.945,ok,,,1,1,1,1
dashboard_full_20260214_000516,2026-02-14T04:28:35+05:30,tpch1,5,"1,2,3,4,5",rls_with_index,12,0,1,0.314,1807.968,1808.282,269.344,ok,,,1,1,1,1
dashboard_full_20260214_000516,2026-02-14T04:28:35+05:30,tpch1,5,"1,2,3,4,5",ours,13,0,1,0.236,1722.780,1723.016,304.902,ok,,,42,42,42,1
dashboard_full_20260214_000516,2026-02-14T04:28:35+05:30,tpch1,5,"1,2,3,4,5",rls_with_index,13,0,1,0.229,1248.359,1248.588,243.133,ok,,,42,42,42,1
dashboard_full_20260214_000516,2026-02-14T04:28:35+05:30,tpch1,5,"1,2,3,4,5",ours,14,0,1,0.408,4408.581,4408.989,908.996,ok,,,1,1,1,1
dashboard_full_20260214_000516,2026-02-14T04:28:35+05:30,tpch1,5,"1,2,3,4,5",rls_with_index,14,0,1,0.217,1218.152,1218.369,258.633,ok,,,1,1,1,1
dashboard_full_20260214_000516,2026-02-14T04:28:35+05:30,tpch1,5,"1,2,3,4,5",ours,15,0,1,0.310,4329.378,4329.688,909.512,ok,,,0,0,0,1
dashboard_full_20260214_000516,2026-02-14T04:28:35+05:30,tpch1,5,"1,2,3,4,5",rls_with_index,15,0,1,0.293,1024.896,1025.189,252.957,ok,,,0,0,0,1
dashboard_full_20260214_000516,2026-02-14T04:28:35+05:30,tpch1,5,"1,2,3,4,5",ours,16,0,1,0.345,838.088,838.433,305.172,ok,,,18133,18133,18133,1
dashboard_full_20260214_000516,2026-02-14T04:28:35+05:30,tpch1,5,"1,2,3,4,5",rls_with_index,16,0,1,0.226,596.619,596.845,252.957,ok,,,18133,18133,18133,1
dashboard_full_20260214_000516,2026-02-14T04:28:35+05:30,tpch1,5,"1,2,3,4,5",ours,17,0,1,0.447,143030.324,143030.771,916.664,ok,,,1,1,1,1
dashboard_full_20260214_000516,2026-02-14T04:28:35+05:30,tpch1,5,"1,2,3,4,5",rls_with_index,17,0,1,0.345,308412.357,308412.702,270.090,ok,,,1,1,1,1
dashboard_full_20260214_000516,2026-02-14T04:28:35+05:30,tpch1,5,"1,2,3,4,5",ours,18,0,1,0.565,6605.270,6605.835,906.984,ok,,,0,0,0,1
dashboard_full_20260214_000516,2026-02-14T04:28:35+05:30,tpch1,5,"1,2,3,4,5",rls_with_index,18,0,1,0.437,1964.924,1965.361,276.637,ok,,,0,0,0,1
dashboard_full_20260214_000516,2026-02-14T04:28:35+05:30,tpch1,5,"1,2,3,4,5",ours,19,0,1,0.499,4819.315,4819.814,921.176,ok,,,1,1,1,1
dashboard_full_20260214_000516,2026-02-14T04:28:35+05:30,tpch1,5,"1,2,3,4,5",rls_with_index,19,0,1,0.419,19.848,20.267,231.516,ok,,,1,1,1,1
dashboard_full_20260214_000516,2026-02-14T04:28:35+05:30,tpch1,5,"1,2,3,4,5",ours,21,0,1,,,,,error,timeout,ERROR:  canceling statement due to statement timeout,,,415,skip
dashboard_full_20260214_000516,2026-02-14T04:28:35+05:30,tpch1,5,"1,2,3,4,5",rls_with_index,21,0,1,0.609,77739.313,77739.922,291.516,ok,,,415,,415,skip
dashboard_full_20260214_000516,2026-02-14T04:28:35+05:30,tpch1,5,"1,2,3,4,5",ours,22,0,1,0.171,826.679,826.850,317.410,ok,,,7,7,7,1
dashboard_full_20260214_000516,2026-02-14T04:28:35+05:30,tpch1,5,"1,2,3,4,5",rls_with_index,22,0,1,0.175,413.678,413.853,233.207,ok,,,7,7,7,1
